<?xml version="1.0" encoding="UTF-8"?>
<simplicite xmlns:xsi="http://www.w3.org/2001/XMLSchema-instance" xmlns="http://www.simplicite.fr/base" xsi:schemaLocation="http://www.simplicite.fr/base https://www.simplicite.io/resources/schemas/base.xsd">
<object>
	<name>PrjLabel</name>
	<action>upsert</action>
	<data>
		<prjLblName>Anomalie</prjLblName>
	</data>
	<data>
		<prjLblName>Evolution</prjLblName>
	</data>
	<data>
		<prjLblName>Reprise de données</prjLblName>
	</data>
	<data>
		<prjLblName>Support</prjLblName>
	</data>
</object>
</simplicite>
